tank,date,taxon,id,length_mm,name
13,10/2/2023,odonata,346,5.342,Trevor
13,10/2/2023,chironomidae (pupa),345,2.291,Trevor
13,10/2/2023,chironomidae (pupa),344,2.516,Trevor
13,10/2/2023,chironomidae (pupa),343,6.724,Trevor
13,10/2/2023,ceratopogonidae,342,8.325,Trevor
13,10/2/2023,ceratopogonidae,341,9.746,Trevor
13,10/2/2023,ceratopogonidae,340,6.164,Trevor
13,10/2/2023,ceratopogonidae,339,9.294,Trevor
13,10/2/2023,ceratopogonidae,338,4.621,Trevor
13,10/2/2023,ceratopogonidae,337,6.491,Trevor
13,10/2/2023,ceratopogonidae,336,5.929,Trevor
13,10/2/2023,ceratopogonidae,335,7.295,Trevor
13,10/2/2023,ceratopogonidae,334,9.21,Trevor
13,10/2/2023,ceratopogonidae,333,5.259,Trevor
13,10/2/2023,ceratopogonidae,332,9.75,Trevor
13,10/2/2023,chironomidae,331,1.754,Trevor
13,10/2/2023,chironomidae,330,2.531,Trevor
13,10/2/2023,chironomidae,329,4.695,Trevor
13,10/2/2023,chironomidae,328,3.176,Trevor
13,10/2/2023,chironomidae,327,3.527,Trevor
13,10/2/2023,chironomidae,326,4.231,Trevor
13,10/2/2023,chironomidae,325,4.341,Trevor
13,10/2/2023,chironomidae,324,4.003,Trevor
13,10/2/2023,chironomidae,323,2.64,Trevor
13,10/2/2023,chironomidae,322,5.677,Trevor
13,10/2/2023,chironomidae,321,5.965,Trevor
13,10/2/2023,chironomidae,320,12.4,Trevor
13,10/2/2023,chironomidae,319,3.054,Trevor
13,10/2/2023,chironomidae,318,6.543,Trevor
13,10/2/2023,chironomidae,317,9.463,Trevor
13,10/2/2023,chironomidae,316,4.041,Trevor
13,10/2/2023,chironomidae,315,1.601,Trevor
13,10/2/2023,chironomidae,314,1.511,Trevor
13,10/2/2023,chironomidae,313,3.818,Trevor
13,10/2/2023,chironomidae,312,4.461,Trevor
13,10/2/2023,chironomidae,311,7.545,Trevor
13,10/2/2023,chironomidae,310,5.545,Trevor
13,10/2/2023,chironomidae,309,5.284,Trevor
13,10/2/2023,chironomidae,308,6.711,Trevor
13,10/2/2023,chironomidae,307,8.137,Trevor
13,10/2/2023,chironomidae,306,4.008,Trevor
13,10/2/2023,chironomidae,305,5.743,Trevor
13,10/2/2023,chironomidae,304,9.992,Trevor
13,10/2/2023,chironomidae,303,4.532,Trevor
13,10/2/2023,chironomidae,302,2.111,Trevor
13,10/2/2023,chironomidae,301,2.812,Trevor
13,10/2/2023,chironomidae,300,5.44,Trevor
13,10/2/2023,chironomidae,299,1.858,Trevor
13,10/2/2023,chironomidae,298,3.492,Trevor
13,10/2/2023,chironomidae,297,2.912,Trevor
13,10/2/2023,chironomidae,296,4.761,Trevor
13,10/2/2023,chironomidae,295,4.238,Trevor
13,10/2/2023,chironomidae,294,3.275,Trevor
13,10/2/2023,chironomidae,293,2.223,Trevor
13,10/2/2023,chironomidae,292,1.625,Trevor
13,10/2/2023,chironomidae,291,3.779,Trevor
13,10/2/2023,chironomidae,290,4.243,Trevor
13,10/2/2023,chironomidae,289,4.635,Trevor
13,10/2/2023,chironomidae,288,2.78,Trevor
13,10/2/2023,chironomidae,287,2.658,Trevor
13,10/2/2023,chironomidae,286,4.193,Trevor
13,10/2/2023,chironomidae,285,2.4,Trevor
13,10/2/2023,chironomidae,284,2.885,Trevor
13,10/2/2023,chironomidae,283,3.952,Trevor
13,10/2/2023,chironomidae,282,5.224,Trevor
13,10/2/2023,chironomidae,281,6.157,Trevor
13,10/2/2023,chironomidae,280,4.924,Trevor
13,10/2/2023,chironomidae,279,1.689,Trevor
13,10/2/2023,chironomidae,278,4.621,Trevor
13,10/2/2023,chironomidae,277,4.095,Trevor
13,10/2/2023,chironomidae,276,2.721,Trevor
13,10/2/2023,chironomidae,275,5.996,Trevor
13,10/2/2023,chironomidae,274,1.56,Trevor
13,10/2/2023,chironomidae,273,3.95,Trevor
13,10/2/2023,chironomidae,272,2.645,Trevor
13,10/2/2023,chironomidae,271,2.678,Trevor
13,10/2/2023,chironomidae,270,3.976,Trevor
13,10/2/2023,chironomidae,269,5.556,Trevor
13,10/2/2023,chironomidae,268,5.667,Trevor
13,10/2/2023,chironomidae,267,4.86,Trevor
13,10/2/2023,chironomidae,266,3.358,Trevor
13,10/2/2023,chironomidae,265,4.046,Trevor
13,10/2/2023,chironomidae,264,4.07,Trevor
13,10/2/2023,chironomidae,263,3.343,Trevor
13,10/2/2023,chironomidae,262,3.15,Trevor
13,10/2/2023,chironomidae,261,3.726,Trevor
13,10/2/2023,chironomidae,260,5.612,Trevor
13,10/2/2023,chironomidae,259,2.454,Trevor
13,10/2/2023,chironomidae,258,5.707,Trevor
13,10/2/2023,chironomidae,257,3.233,Trevor
13,10/2/2023,chironomidae,256,2.709,Trevor
13,10/2/2023,chironomidae,255,3.563,Trevor
13,10/2/2023,chironomidae,254,4.759,Trevor
13,10/2/2023,chironomidae,253,3.174,Trevor
13,10/2/2023,chironomidae,252,2.657,Trevor
13,10/2/2023,chironomidae,251,3.673,Trevor
13,10/2/2023,chironomidae,250,3.907,Trevor
13,10/2/2023,chironomidae,249,5.168,Trevor
13,10/2/2023,chironomidae,248,3.85,Trevor
13,10/2/2023,chironomidae,247,3.471,Trevor
13,10/2/2023,chironomidae,246,3.734,Trevor
13,10/2/2023,chironomidae,245,1.501,Trevor
13,10/2/2023,chironomidae,244,4.337,Trevor
13,10/2/2023,chironomidae,243,4.612,Trevor
13,10/2/2023,chironomidae,242,3.888,Trevor
13,10/2/2023,chironomidae,241,2.791,Trevor
13,10/2/2023,chironomidae,240,4.441,Trevor
13,10/2/2023,chironomidae,239,2.919,Trevor
13,10/2/2023,chironomidae,238,3.016,Trevor
13,10/2/2023,chironomidae,237,3.143,Trevor
13,10/2/2023,chironomidae,236,5.386,Trevor
13,10/2/2023,chironomidae,235,3.663,Trevor
13,10/2/2023,chironomidae,234,2.262,Trevor
13,10/2/2023,chironomidae,233,2.244,Trevor
13,10/2/2023,chironomidae,232,2.105,Trevor
13,10/2/2023,chironomidae,231,4.194,Trevor
13,10/2/2023,chironomidae,230,5.344,Trevor
13,10/2/2023,chironomidae,229,2.981,Trevor
13,10/2/2023,chironomidae,228,8.706,Trevor
13,10/2/2023,chironomidae,227,1.858,Trevor
13,10/2/2023,chironomidae,226,1.973,Trevor
13,10/2/2023,chironomidae,225,3.849,Trevor
13,10/2/2023,chironomidae,224,3.358,Trevor
13,10/2/2023,chironomidae,223,4.362,Trevor
13,10/2/2023,chironomidae,222,2.801,Trevor
13,10/2/2023,chironomidae,221,7.819,Trevor
13,10/2/2023,chironomidae,220,3.325,Trevor
13,10/2/2023,chironomidae,219,2.905,Trevor
13,10/2/2023,chironomidae,218,3.315,Trevor
13,10/2/2023,chironomidae,217,4.025,Trevor
13,10/2/2023,chironomidae,216,4.721,Trevor
13,10/2/2023,chironomidae,215,6.506,Trevor
13,10/2/2023,chironomidae,214,4.67,Trevor
13,10/2/2023,chironomidae,213,8.845,Trevor
13,10/2/2023,chironomidae,212,2.426,Trevor
13,10/2/2023,chironomidae,211,7.157,Trevor
13,10/2/2023,chironomidae,210,3.165,Trevor
13,10/2/2023,chironomidae,209,1.474,Trevor
13,10/2/2023,chironomidae,208,2.228,Trevor
13,10/2/2023,chironomidae,207,2.811,Trevor
13,10/2/2023,chironomidae,206,12.32,Trevor
13,10/2/2023,chironomidae,205,2.139,Trevor
13,10/2/2023,chironomidae,204,1.455,Trevor
13,10/2/2023,chironomidae,203,2.24,Trevor
13,10/2/2023,chironomidae,202,3.456,Trevor
13,10/2/2023,chironomidae,201,6.699,Trevor
13,10/2/2023,chironomidae,200,3.365,Trevor
13,10/2/2023,chironomidae,199,2.16,Trevor
13,10/2/2023,chironomidae,198,7.384,Trevor
13,10/2/2023,chironomidae,197,2.018,Trevor
13,10/2/2023,chironomidae,196,2.389,Trevor
13,10/2/2023,chironomidae,195,3.41,Trevor
13,10/2/2023,chironomidae,194,3.005,Trevor
13,10/2/2023,chironomidae,193,3.25,Trevor
13,10/2/2023,chironomidae,192,4.695,Trevor
13,10/2/2023,chironomidae,191,3.288,Trevor
13,10/2/2023,chironomidae,190,4.223,Trevor
13,10/2/2023,chironomidae,189,3.656,Trevor
13,10/2/2023,chironomidae,188,5.489,Trevor
13,10/2/2023,chironomidae,187,3.618,Trevor
13,10/2/2023,chironomidae,186,3.017,Trevor
13,10/2/2023,chironomidae,185,5.851,Trevor
13,10/2/2023,chironomidae,184,2.307,Trevor
13,10/2/2023,chironomidae,183,7,Trevor
13,10/2/2023,chironomidae,182,6.83,Trevor
13,10/2/2023,chironomidae,181,2.475,Trevor
13,10/2/2023,chironomidae,180,13.283,Trevor
13,10/2/2023,chironomidae,179,3.907,Trevor
13,10/2/2023,chironomidae,178,5.26,Trevor
13,10/2/2023,chironomidae,177,6.974,Trevor
13,10/2/2023,chironomidae,176,6.769,Trevor
13,10/2/2023,chironomidae,175,11.269,Trevor
13,10/2/2023,chironomidae,174,1.136,Trevor
13,10/2/2023,chironomidae,173,6.329,Trevor
13,10/2/2023,chironomidae,172,3.539,Trevor
13,10/2/2023,chironomidae,171,1.776,Trevor
13,10/2/2023,chironomidae,170,3.415,Trevor
13,10/2/2023,chironomidae,169,4.934,Trevor
13,10/2/2023,chironomidae,168,3.032,Trevor
13,10/2/2023,chironomidae,167,4.337,Trevor
13,10/2/2023,chironomidae,166,4.061,Trevor
13,10/2/2023,chironomidae,165,5.309,Trevor
13,10/2/2023,chironomidae,164,1.876,Trevor
13,10/2/2023,chironomidae,163,2.252,Trevor
13,10/2/2023,chironomidae,162,4.792,Trevor
13,10/2/2023,chironomidae,161,4.91,Trevor
13,10/2/2023,chironomidae,160,2.22,Trevor
13,10/2/2023,chironomidae,159,4.355,Trevor
13,10/2/2023,chironomidae,158,2.261,Trevor
13,10/2/2023,chironomidae,157,5.159,Trevor
13,10/2/2023,chironomidae,156,3.569,Trevor
13,10/2/2023,chironomidae,155,2.712,Trevor
13,10/2/2023,chironomidae,154,2.352,Trevor
13,10/2/2023,chironomidae,153,1.875,Trevor
13,10/2/2023,chironomidae,152,5.336,Trevor
13,10/2/2023,chironomidae,151,6.29,Trevor
13,10/2/2023,chironomidae,150,2.476,Trevor
13,10/2/2023,chironomidae,149,5.447,Trevor
13,10/2/2023,chironomidae,148,6.929,Trevor
13,10/2/2023,chironomidae,147,3.256,Trevor
13,10/2/2023,chironomidae,146,5.117,Trevor
13,10/2/2023,chironomidae,145,2.448,Trevor
13,10/2/2023,chironomidae,144,2.21,Trevor
13,10/2/2023,chironomidae,143,4.842,Trevor
13,10/2/2023,chironomidae,142,2.188,Trevor
13,10/2/2023,chironomidae,141,6.245,Trevor
13,10/2/2023,chironomidae,140,3.269,Trevor
13,10/2/2023,chironomidae,139,7,Trevor
13,10/2/2023,chironomidae,138,3.684,Trevor
13,10/2/2023,chironomidae,137,5.587,Trevor
13,10/2/2023,chironomidae,136,2.827,Trevor
13,10/2/2023,chironomidae,135,1.56,Trevor
13,10/2/2023,chironomidae,134,5.536,Trevor
13,10/2/2023,chironomidae,133,3.539,Trevor
13,10/2/2023,chironomidae,132,5.858,Trevor
13,10/2/2023,chironomidae,131,3.691,Trevor
13,10/2/2023,chironomidae,130,4.553,Trevor
13,10/2/2023,chironomidae,129,2.059,Trevor
13,10/2/2023,chironomidae,128,3.038,Trevor
13,10/2/2023,chironomidae,127,2.821,Trevor
13,10/2/2023,chironomidae,126,2.161,Trevor
13,10/2/2023,chironomidae,125,6.84,Trevor
13,10/2/2023,chironomidae,124,2.364,Trevor
13,10/2/2023,chironomidae,123,8.117,Trevor
13,10/2/2023,chironomidae,122,4.251,Trevor
13,10/2/2023,chironomidae,121,7.439,Trevor
13,10/2/2023,chironomidae,120,1.739,Trevor
13,10/2/2023,chironomidae,119,5.216,Trevor
13,10/2/2023,chironomidae,118,1.842,Trevor
13,10/2/2023,chironomidae,117,1.713,Trevor
13,10/2/2023,chironomidae,116,12.893,Trevor
13,10/2/2023,chironomidae,115,5.82,Trevor
13,10/2/2023,chironomidae,114,5.02,Trevor
13,10/2/2023,chironomidae,113,4.639,Trevor
13,10/2/2023,chironomidae,112,6.131,Trevor
13,10/2/2023,chironomidae,111,5.907,Trevor
13,10/2/2023,chironomidae,110,3.33,Trevor
13,10/2/2023,chironomidae,109,2.487,Trevor
13,10/2/2023,chironomidae,108,2.603,Trevor
13,10/2/2023,chironomidae,107,6.392,Trevor
13,10/2/2023,chironomidae,106,4.742,Trevor
13,10/2/2023,chironomidae,105,2.881,Trevor
13,10/2/2023,chironomidae,104,1.551,Trevor
13,10/2/2023,chironomidae,103,2.423,Trevor
13,10/2/2023,chironomidae,102,3.513,Trevor
13,10/2/2023,chironomidae,101,2.106,Trevor
13,10/2/2023,chironomidae,100,7.235,Trevor
13,10/2/2023,chironomidae,99,1.838,Trevor
13,10/2/2023,chironomidae,98,3.356,Trevor
13,10/2/2023,chironomidae,97,3.152,Trevor
13,10/2/2023,chironomidae,96,3.231,Trevor
13,10/2/2023,chironomidae,95,6.794,Trevor
13,10/2/2023,chironomidae,94,2.152,Trevor
13,10/2/2023,chironomidae,93,5.237,Trevor
13,10/2/2023,chironomidae,92,2.496,Trevor
13,10/2/2023,chironomidae,91,2.417,Trevor
13,10/2/2023,chironomidae,90,3.845,Trevor
13,10/2/2023,chironomidae,89,2.34,Trevor
13,10/2/2023,chironomidae,88,7.029,Trevor
13,10/2/2023,chironomidae,87,5.184,Trevor
13,10/2/2023,chironomidae,86,3.081,Trevor
13,10/2/2023,chironomidae,85,4.307,Trevor
13,10/2/2023,chironomidae,84,3.16,Trevor
13,10/2/2023,chironomidae,83,3.673,Trevor
13,10/2/2023,chironomidae,82,7.001,Trevor
13,10/2/2023,chironomidae,81,1.819,Trevor
13,10/2/2023,chironomidae,80,8.566,Trevor
13,10/2/2023,chironomidae,79,1.247,Trevor
13,10/2/2023,chironomidae,78,2.857,Trevor
13,10/2/2023,chironomidae,77,2.888,Trevor
13,10/2/2023,chironomidae,76,11.791,Trevor
13,10/2/2023,chironomidae,75,2.523,Trevor
13,10/2/2023,chironomidae,74,3.046,Trevor
13,10/2/2023,chironomidae,73,2.88,Trevor
13,10/2/2023,chironomidae,72,1.195,Trevor
13,10/2/2023,chironomidae,71,2.12,Trevor
13,10/2/2023,chironomidae,70,6.052,Trevor
13,10/2/2023,chironomidae,69,1.407,Trevor
13,10/2/2023,chironomidae,68,3.34,Trevor
13,10/2/2023,chironomidae,67,2.85,Trevor
13,10/2/2023,chironomidae,66,2.024,Trevor
13,10/2/2023,chironomidae,65,4.199,Trevor
13,10/2/2023,chironomidae,64,4.105,Trevor
13,10/2/2023,chironomidae,63,3.412,Trevor
13,10/2/2023,chironomidae,62,8.731,Trevor
13,10/2/2023,chironomidae,61,2.315,Trevor
13,10/2/2023,chironomidae,60,2.846,Trevor
13,10/2/2023,chironomidae,59,2.46,Trevor
13,10/2/2023,chironomidae,58,5.597,Trevor
13,10/2/2023,chironomidae,57,3.322,Trevor
13,10/2/2023,chironomidae,56,1.288,Trevor
13,10/2/2023,chironomidae,55,5.203,Trevor
13,10/2/2023,chironomidae,54,11.51,Trevor
13,10/2/2023,chironomidae,53,3.306,Trevor
13,10/2/2023,chironomidae,52,2.878,Trevor
13,10/2/2023,chironomidae,51,3.962,Trevor
13,10/2/2023,chironomidae,50,6.941,Trevor
13,10/2/2023,chironomidae,49,4.542,Trevor
13,10/2/2023,chironomidae,48,4.883,Trevor
13,10/2/2023,chironomidae,47,5.226,Trevor
13,10/2/2023,chironomidae,46,9.028,Trevor
13,10/2/2023,chironomidae,45,10.671,Trevor
13,10/2/2023,chironomidae,44,3.597,Trevor
13,10/2/2023,chironomidae,43,2.426,Trevor
13,10/2/2023,chironomidae,42,8.138,Trevor
13,10/2/2023,chironomidae,41,4.132,Trevor
13,10/2/2023,chironomidae,40,3.474,Trevor
13,10/2/2023,chironomidae,39,3.662,Trevor
13,10/2/2023,chironomidae,38,3.011,Trevor
13,10/2/2023,chironomidae,37,5.243,Trevor
13,10/2/2023,chironomidae,36,3.054,Trevor
13,10/2/2023,chironomidae,35,2.273,Trevor
13,10/2/2023,chironomidae,34,2.792,Trevor
13,10/2/2023,chironomidae,33,5.623,Trevor
13,10/2/2023,chironomidae,32,1.538,Trevor
13,10/2/2023,chironomidae,31,2.428,Trevor
13,10/2/2023,chironomidae,30,1.266,Trevor
13,10/2/2023,chironomidae,29,1.548,Trevor
13,10/2/2023,chironomidae,28,1.538,Trevor
13,10/2/2023,chironomidae,27,3.274,Trevor
13,10/2/2023,chironomidae,26,4.037,Trevor
13,10/2/2023,chironomidae,25,6.61,Trevor
13,10/2/2023,chironomidae,24,5.788,Trevor
13,10/2/2023,chironomidae,23,6.405,Trevor
13,10/2/2023,chironomidae,22,7.654,Trevor
13,10/2/2023,chironomidae,21,5.914,Trevor
13,10/2/2023,chironomidae,20,3.212,Trevor
13,10/2/2023,chironomidae,19,8.359,Trevor
13,10/2/2023,chironomidae,18,3.329,Trevor
13,10/2/2023,chironomidae,17,2.455,Trevor
13,10/2/2023,chironomidae,16,5.26,Trevor
13,10/2/2023,chironomidae,15,2.942,Trevor
13,10/2/2023,chironomidae,14,2.166,Trevor
13,10/2/2023,chironomidae,13,6.57,Trevor
13,10/2/2023,chironomidae,12,8.828,Trevor
13,10/2/2023,chironomidae,11,2.59,Trevor
13,10/2/2023,chironomidae,10,3.772,Trevor
13,10/2/2023,chironomidae,9,11.956,Trevor
13,10/2/2023,chironomidae,8,8.811,Trevor
13,10/2/2023,chironomidae,7,2.457,Trevor
13,10/2/2023,chironomidae,6,2.643,Trevor
13,10/2/2023,chironomidae,5,3.873,Trevor
13,10/2/2023,chironomidae,4,2.395,Trevor
13,10/2/2023,chironomidae,3,8.13,Trevor
13,10/2/2023,chironomidae,2,3.946,Trevor
13,10/2/2023,chironomidae,1,8.75,Trevor
13,9/8/2023,chironomidae ,316,3.583,aria
13,9/8/2023,chironomidae ,315,2.815,aria
13,9/8/2023,chironomidae ,314,3.487,aria
13,9/8/2023,chironomidae ,313,4.933,aria
13,9/8/2023,chironomidae ,312,3.867,aria
13,9/8/2023,chironomidae ,311,12.573,aria
13,9/8/2023,chironomidae ,310,4.997,aria
13,9/8/2023,chironomidae ,309,6.909,aria
13,9/8/2023,chironomidae ,308,3.726,aria
13,9/8/2023,chironomidae ,307,4.773,aria
13,9/8/2023,chironomidae ,306,4.053,aria
13,9/8/2023,chironomidae ,305,2.528,aria
13,9/8/2023,chironomidae ,304,3.438,aria
13,9/8/2023,chironomidae ,303,3.853,aria
13,9/8/2023,chironomidae ,302,9.826,aria
13,9/8/2023,chironomidae ,301,8.356,aria
13,9/8/2023,chironomidae ,300,3.069,aria
13,9/8/2023,chironomidae ,299,13.027,aria
13,9/8/2023,chironomidae ,298,5.559,aria
13,9/8/2023,ceratopogonidae,297,6.627,aria
13,9/8/2023,chironomidae ,296,3.835,aria
13,9/8/2023,chironomidae ,295,5.53,aria
13,9/8/2023,chironomidae ,294,9.445,aria
13,9/8/2023,chironomidae ,293,2.429,aria
13,9/8/2023,chironomidae ,292,7.301,aria
13,9/8/2023,chironomidae ,291,5.999,aria
13,9/8/2023,chironomidae ,290,5.202,aria
13,9/8/2023,chironomidae ,289,3.828,aria
13,9/8/2023,chironomidae ,288,3.655,aria
13,9/8/2023,chironomidae ,287,3.427,aria
13,9/8/2023,chironomidae ,286,3.381,aria
13,9/8/2023,chironomidae ,285,4.725,aria
13,9/8/2023,chironomidae ,284,2.848,aria
13,9/8/2023,chironomidae ,283,3.651,aria
13,9/8/2023,chironomidae ,282,7.231,aria
13,9/8/2023,chironomidae ,281,10.534,aria
13,9/8/2023,chironomidae ,280,5.545,aria
13,9/8/2023,chironomidae ,279,3.977,aria
13,9/8/2023,chironomidae ,278,4.703,aria
13,9/8/2023,chironomidae ,277,4.521,aria
13,9/8/2023,chironomidae ,276,5.931,aria
13,9/8/2023,chironomidae ,275,3.98,aria
13,9/8/2023,chironomidae ,274,4.449,aria
13,9/8/2023,chironomidae ,273,4.288,aria
13,9/8/2023,chironomidae ,272,5.128,aria
13,9/8/2023,chironomidae ,271,3.982,aria
13,9/8/2023,chironomidae ,270,3.501,aria
13,9/8/2023,chironomidae ,269,4.895,aria
13,9/8/2023,chironomidae ,268,3.892,aria
13,9/8/2023,chironomidae ,267,3.271,aria
13,9/8/2023,chironomidae ,266,4.911,aria
13,9/8/2023,chironomidae ,265,6.878,aria
13,9/8/2023,chironomidae ,264,5.3,aria
13,9/8/2023,chironomidae ,263,6.549,aria
13,9/8/2023,chironomidae ,262,6.218,aria
13,9/8/2023,chironomidae ,261,10.241,aria
13,9/8/2023,chironomidae ,260,7.463,aria
13,9/8/2023,chironomidae ,259,3.039,aria
13,9/8/2023,ceratopogonidae,258,5.239,aria
13,9/8/2023,chironomidae ,257,6.244,aria
13,9/8/2023,chironomidae ,256,5.525,aria
13,9/8/2023,chironomidae ,255,6.084,aria
13,9/8/2023,chironomidae ,254,5.002,aria
13,9/8/2023,chironomidae ,253,3.059,aria
13,9/8/2023,chironomidae ,252,1.823,aria
13,9/8/2023,chironomidae ,251,9.857,aria
13,9/8/2023,ceratopogonidae,250,7.356,aria
13,9/8/2023,ceratopogonidae,249,9.541,aria
13,9/8/2023,chironomidae ,248,6.26,aria
13,9/8/2023,chironomidae ,247,8.493,aria
13,9/8/2023,chironomidae ,246,3.539,aria
13,9/8/2023,chironomidae ,245,5.622,aria
13,9/8/2023,chironomidae ,244,4.545,aria
13,9/8/2023,chironomidae ,243,3.839,aria
13,9/8/2023,chironomidae ,242,4.725,aria
13,9/8/2023,chironomidae ,241,2.093,aria
13,9/8/2023,chironomidae ,240,3.687,aria
13,9/8/2023,chironomidae ,239,3.415,aria
13,9/8/2023,chironomidae ,238,4.795,aria
13,9/8/2023,chironomidae ,237,7.86,aria
13,9/8/2023,chironomidae ,236,5.263,aria
13,9/8/2023,chironomidae ,235,5.026,aria
13,9/8/2023,chironomidae ,234,5.206,aria
13,9/8/2023,chironomidae ,233,6.292,aria
13,9/8/2023,chironomidae ,232,8.939,aria
13,9/8/2023,chironomidae ,231,2.702,aria
13,9/8/2023,chironomidae ,230,2.134,aria
13,9/8/2023,chironomidae ,229,1.907,aria
13,9/8/2023,chironomidae ,228,3.631,aria
13,9/8/2023,chironomidae ,227,2.637,aria
13,9/8/2023,chironomidae ,226,5.294,aria
13,9/8/2023,chironomidae ,225,4.768,aria
13,9/8/2023,chironomidae ,224,3.287,aria
13,9/8/2023,chironomidae ,223,3.149,aria
13,9/8/2023,chironomidae ,222,4.465,aria
13,9/8/2023,chironomidae ,221,3.137,aria
13,9/8/2023,chironomidae ,220,7.32,aria
13,9/8/2023,chironomidae ,219,4.15,aria
13,9/8/2023,chironomidae ,218,3.389,aria
13,9/8/2023,chironomidae ,217,5.258,aria
13,9/8/2023,chironomidae ,216,4.151,aria
13,9/8/2023,chironomidae ,215,3.928,aria
13,9/8/2023,chironomidae ,214,7.497,aria
13,9/8/2023,chironomidae ,213,8.613,aria
13,9/8/2023,chironomidae ,212,5.975,aria
13,9/8/2023,ceratopogonidae,211,6.814,aria
13,9/8/2023,chironomidae ,210,3.142,aria
13,9/8/2023,chironomidae ,209,3.04,aria
13,9/8/2023,chironomidae ,208,4.199,aria
13,9/8/2023,chironomidae ,207,7.107,aria
13,9/8/2023,chironomidae ,206,3.927,aria
13,9/8/2023,chironomidae ,205,3.268,aria
13,9/8/2023,chironomidae ,204,8.357,aria
13,9/8/2023,chironomidae ,203,2.381,aria
13,9/8/2023,chironomidae ,202,2.91,aria
13,9/8/2023,chironomidae ,201,6.619,aria
13,9/8/2023,chironomidae ,200,1.752,aria
13,9/8/2023,chironomidae ,199,9.033,aria
13,9/8/2023,chironomidae ,198,8.103,aria
13,9/8/2023,chironomidae ,197,5.107,aria
13,9/8/2023,chironomidae ,196,2.147,aria
13,9/8/2023,chironomidae ,195,2.626,aria
13,9/8/2023,chironomidae ,194,3.036,aria
13,9/8/2023,chironomidae ,193,15.578,aria
13,9/8/2023,chironomidae ,192,2.799,aria
13,9/8/2023,chironomidae ,191,2.67,aria
13,9/8/2023,chironomidae ,190,4.156,aria
13,9/8/2023,chironomidae ,189,7.235,aria
13,9/8/2023,chironomidae ,188,6.22,aria
13,9/8/2023,chironomidae ,187,7.528,aria
13,9/8/2023,chironomidae ,186,6.075,aria
13,9/8/2023,chironomidae ,185,4.783,aria
13,9/8/2023,chironomidae ,184,3.873,aria
13,9/8/2023,chironomidae ,183,7.251,aria
13,9/8/2023,chironomidae ,182,3.459,aria
13,9/8/2023,chironomidae ,181,3.549,aria
13,9/8/2023,chironomidae ,180,5.347,aria
13,9/8/2023,chironomidae ,179,3.051,aria
13,9/8/2023,chironomidae ,178,6.383,aria
13,9/8/2023,ceratopogonidae,177,9.84,aria
13,9/8/2023,chironomidae ,176,5.46,aria
13,9/8/2023,chironomidae ,175,2.31,aria
13,9/8/2023,chironomidae ,174,2.289,aria
13,9/8/2023,chironomidae ,173,13.427,aria
13,9/8/2023,chironomidae ,172,3.623,aria
13,9/8/2023,chironomidae ,171,2.763,aria
13,9/8/2023,chironomidae ,170,5.938,aria
13,9/8/2023,chironomidae ,169,3.135,aria
13,9/8/2023,chironomidae ,168,2.282,aria
13,9/8/2023,chironomidae ,167,4.649,aria
13,9/8/2023,chironomidae ,166,4.253,aria
13,9/8/2023,chironomidae ,165,2.027,aria
13,9/8/2023,chironomidae ,164,3.301,aria
13,9/8/2023,chironomidae ,163,3.102,aria
13,9/8/2023,chironomidae ,162,2.479,aria
13,9/8/2023,chironomidae ,161,2.89,aria
13,9/8/2023,chironomidae ,160,2.793,aria
13,9/8/2023,chironomidae ,159,3.42,aria
13,9/8/2023,chironomidae ,158,3.094,aria
13,9/8/2023,chironomidae ,157,2.438,aria
13,9/8/2023,chironomidae ,156,5.205,aria
13,9/8/2023,chironomidae (pupae),155,5.535,aria
13,9/8/2023,chironomidae ,154,12.799,aria
13,9/8/2023,chironomidae ,153,7.595,aria
13,9/8/2023,chironomidae ,152,7.461,aria
13,9/8/2023,chironomidae ,151,6.612,aria
13,9/8/2023,chironomidae ,150,4.577,aria
13,9/8/2023,chironomidae ,149,4.002,aria
13,9/8/2023,chironomidae ,148,2.403,aria
13,9/8/2023,chironomidae ,147,3.811,aria
13,9/8/2023,chironomidae ,146,7.386,aria
13,9/8/2023,chironomidae ,145,1.889,aria
13,9/8/2023,chironomidae ,144,6.098,aria
13,9/8/2023,chironomidae ,143,3.488,aria
13,9/8/2023,chironomidae ,142,3.607,aria
13,9/8/2023,chironomidae ,141,2.388,aria
13,9/8/2023,chironomidae ,140,5.424,aria
13,9/8/2023,chironomidae ,139,6.991,aria
13,9/8/2023,chironomidae ,138,4.713,aria
13,9/8/2023,chironomidae ,137,1.854,aria
13,9/8/2023,chironomidae ,136,2.942,aria
13,9/8/2023,chironomidae ,135,13.498,aria
13,9/8/2023,chironomidae ,134,10.955,aria
13,9/8/2023,chironomidae ,133,3.973,aria
13,9/8/2023,chironomidae ,132,1.514,aria
13,9/8/2023,chironomidae ,131,11.033,aria
13,9/8/2023,chironomidae ,130,2.933,aria
13,9/8/2023,chironomidae ,129,4.442,aria
13,9/8/2023,chironomidae ,128,12.91,aria
13,9/8/2023,chironomidae ,127,9.197,aria
13,9/8/2023,chironomidae ,126,2.057,aria
13,9/8/2023,ceratopogonidae,125,10.53,aria
13,9/8/2023,chironomidae ,124,3.106,aria
13,9/8/2023,chironomidae ,123,4.578,aria
13,9/8/2023,chironomidae ,122,3.754,aria
13,9/8/2023,chironomidae ,121,2.441,aria
13,9/8/2023,chironomidae ,120,5.932,aria
13,9/8/2023,ceratopogonidae,119,10.323,aria
13,9/8/2023,chironomidae ,118,3.944,aria
13,9/8/2023,chironomidae ,117,6.756,aria
13,9/8/2023,chironomidae ,116,11.643,aria
13,9/8/2023,chironomidae ,115,5.291,aria
13,9/8/2023,chironomidae ,114,4.906,aria
13,9/8/2023,chironomidae ,113,2.927,aria
13,9/8/2023,chironomidae ,112,4.013,aria
13,9/8/2023,chironomidae ,111,1.502,aria
13,9/8/2023,chironomidae ,110,3.704,aria
13,9/8/2023,chironomidae ,109,4.103,aria
13,9/8/2023,chironomidae ,108,5.592,aria
13,9/8/2023,ceratopogonidae,107,9.303,aria
13,9/8/2023,chironomidae ,106,10.85,aria
13,9/8/2023,chironomidae ,105,7.282,aria
13,9/8/2023,chironomidae ,104,5.281,aria
13,9/8/2023,chironomidae ,103,4.482,aria
13,9/8/2023,chironomidae ,102,6.407,aria
13,9/8/2023,chironomidae ,101,6.859,aria
13,9/8/2023,chironomidae ,100,9.23,aria
13,9/8/2023,chironomidae ,99,5.653,aria
13,9/8/2023,chironomidae ,98,11.383,aria
13,9/8/2023,chironomidae ,97,4.52,aria
13,9/8/2023,chironomidae ,96,3.878,aria
13,9/8/2023,chironomidae ,95,1.474,aria
13,9/8/2023,chironomidae ,94,9.931,aria
13,9/8/2023,chironomidae ,93,3.682,aria
13,9/8/2023,chironomidae ,92,2.722,aria
13,9/8/2023,chironomidae ,91,9.528,aria
13,9/8/2023,chironomidae (pupae),90,8.606,aria
13,9/8/2023,chironomidae ,89,3.981,aria
13,9/8/2023,chironomidae ,88,5.132,aria
13,9/8/2023,chironomidae ,87,4.654,aria
13,9/8/2023,chironomidae ,86,5.212,aria
13,9/8/2023,chironomidae ,85,12.413,aria
13,9/8/2023,chironomidae ,84,3.956,aria
13,9/8/2023,chironomidae ,83,14.622,aria
13,9/8/2023,chironomidae ,82,2.901,aria
13,9/8/2023,chironomidae ,81,5.533,aria
13,9/8/2023,chironomidae ,80,3.398,aria
13,9/8/2023,chironomidae ,79,3.118,aria
13,9/8/2023,chironomidae ,78,2.258,aria
13,9/8/2023,chironomidae ,77,6.421,aria
13,9/8/2023,chironomidae ,76,7.638,aria
13,9/8/2023,chironomidae ,75,13.942,aria
13,9/8/2023,chironomidae ,74,7.916,aria
13,9/8/2023,chironomidae ,73,2.889,aria
13,9/8/2023,chironomidae ,72,3.774,aria
13,9/8/2023,chironomidae ,71,2.229,aria
13,9/8/2023,chironomidae ,70,4.849,aria
13,9/8/2023,chironomidae ,69,5.471,aria
13,9/8/2023,chironomidae ,68,5.642,aria
13,9/8/2023,chironomidae ,67,5.735,aria
13,9/8/2023,chironomidae ,66,5.931,aria
13,9/8/2023,chironomidae ,65,2.211,aria
13,9/8/2023,chironomidae (pupae),64,2.576,aria
13,9/8/2023,chironomidae ,63,4.85,aria
13,9/8/2023,chironomidae ,62,4.123,aria
13,9/8/2023,chironomidae ,61,2.759,aria
13,9/8/2023,chironomidae ,60,1.919,aria
13,9/8/2023,chironomidae ,59,1.921,aria
13,9/8/2023,chironomidae ,58,3.396,aria
13,9/8/2023,chironomidae ,57,2.467,aria
13,9/8/2023,chironomidae ,56,4.862,aria
13,9/8/2023,chironomidae ,55,7.618,aria
13,9/8/2023,chironomidae ,54,2.651,aria
13,9/8/2023,chironomidae ,53,4.813,aria
13,9/8/2023,chironomidae ,52,7.673,aria
13,9/8/2023,chironomidae ,51,4.102,aria
13,9/8/2023,chironomidae ,50,3.84,aria
13,9/8/2023,chironomidae ,49,3.841,aria
13,9/8/2023,chironomidae ,48,6.962,aria
13,9/8/2023,chironomidae ,47,2.726,aria
13,9/8/2023,chironomidae ,46,6.052,aria
13,9/8/2023,chironomidae ,45,2.748,aria
13,9/8/2023,chironomidae ,44,3.699,aria
13,9/8/2023,chironomidae ,43,3.136,aria
13,9/8/2023,chironomidae ,42,7.674,aria
13,9/8/2023,chironomidae ,41,2.461,aria
13,9/8/2023,chironomidae ,40,2.479,aria
13,9/8/2023,ceratopogonidae,39,8.038,aria
13,9/8/2023,chironomidae ,38,6.691,aria
13,9/8/2023,chironomidae ,37,4.305,aria
13,9/8/2023,chironomidae ,36,9.568,aria
13,9/8/2023,chironomidae ,35,7.388,aria
13,9/8/2023,chironomidae ,34,2.455,aria
13,9/8/2023,chironomidae ,33,3.309,aria
13,9/8/2023,odonata,32,5.197,aria
13,9/8/2023,chironomidae ,31,13.087,aria
13,9/8/2023,chironomidae ,30,3.003,aria
13,9/8/2023,chironomidae ,29,2.723,aria
13,9/8/2023,chironomidae ,28,9.815,aria
13,9/8/2023,chironomidae ,27,3.496,aria
13,9/8/2023,chironomidae ,26,4.025,aria
13,9/8/2023,chironomidae ,25,4.288,aria
13,9/8/2023,chironomidae ,24,5.106,aria
13,9/8/2023,chironomidae ,23,5.755,aria
13,9/8/2023,chironomidae ,22,4.401,aria
13,9/8/2023,chironomidae ,21,4.274,aria
13,9/8/2023,chironomidae ,20,3.423,aria
13,9/8/2023,chironomidae ,19,2.323,aria
13,9/8/2023,chironomidae ,18,2.947,aria
13,9/8/2023,chironomidae (pupae),17,3.05,aria
13,9/8/2023,chironomidae ,16,7.927,aria
13,9/8/2023,chironomidae ,15,6.559,aria
13,9/8/2023,chironomidae ,14,2.012,aria
13,9/8/2023,chironomidae ,13,3.708,aria
13,9/8/2023,chironomidae ,12,3.667,aria
13,9/8/2023,chironomidae ,11,4.745,aria
13,9/8/2023,chironomidae ,10,6.905,aria
13,9/8/2023,chironomidae ,9,8.7,aria
13,9/8/2023,chironomidae ,8,6.676,aria
13,9/8/2023,chironomidae ,7,4.449,aria
13,9/8/2023,chironomidae ,6,9.033,aria
13,9/8/2023,chironomidae ,5,3.59,aria
13,9/8/2023,chironomidae ,4,7.677,aria
13,9/8/2023,chironomidae ,3,2.59,aria
13,9/8/2023,chironomidae ,2,4.866,aria
5,10/13/2023,chironomidae ,402,2.007,aria
5,10/13/2023,chironomidae ,401,1.583,aria
5,10/13/2023,chironomidae ,400,2.513,aria
5,10/13/2023,chironomidae ,399,2.276,aria
5,10/13/2023,chironomidae ,398,3.375,aria
5,10/13/2023,chironomidae ,397,2.869,aria
5,10/13/2023,chironomidae ,396,2.202,aria
5,10/13/2023,chironomidae ,395,7.089,aria
5,10/13/2023,chironomidae ,394,3.453,aria
5,10/13/2023,chironomidae ,393,3.164,aria
5,10/13/2023,chironomidae ,392,3.71,aria
5,10/13/2023,chironomidae ,391,2.682,aria
5,10/13/2023,chironomidae ,390,1.412,aria
5,10/13/2023,chironomidae ,389,2.722,aria
5,10/13/2023,chironomidae ,388,2.777,aria
5,10/13/2023,chironomidae ,387,1.936,aria
5,10/13/2023,chironomidae ,386,1.505,aria
5,10/13/2023,chironomidae ,385,2.953,aria
5,10/13/2023,chironomidae ,384,2.594,aria
5,10/13/2023,chironomidae ,383,2.281,aria
5,10/13/2023,chironomidae ,382,3.649,aria
5,10/13/2023,chironomidae ,381,3.257,aria
5,10/13/2023,chironomidae ,380,12.372,aria
5,10/13/2023,chironomidae ,379,3.087,aria
5,10/13/2023,chironomidae ,378,2.731,aria
5,10/13/2023,chironomidae ,377,2.775,aria
5,10/13/2023,chironomidae ,376,2.979,aria
5,10/13/2023,chironomidae ,375,2.922,aria
5,10/13/2023,chironomidae ,374,2.34,aria
5,10/13/2023,chironomidae ,373,3.83,aria
5,10/13/2023,chironomidae ,372,3.386,aria
5,10/13/2023,chironomidae ,371,1.462,aria
5,10/13/2023,chironomidae ,370,2.357,aria
5,10/13/2023,chironomidae ,369,2.954,aria
5,10/13/2023,chironomidae ,368,2.157,aria
5,10/13/2023,chironomidae ,367,3.247,aria
5,10/13/2023,chironomidae ,366,1.343,aria
5,10/13/2023,chironomidae ,365,2.602,aria
5,10/13/2023,chironomidae ,364,2.742,aria
5,10/13/2023,chironomidae ,363,2.962,aria
5,10/13/2023,chironomidae ,362,6.073,aria
5,10/13/2023,chironomidae ,361,3.02,aria
5,10/13/2023,odonata,360,2.732,aria
5,10/13/2023,chironomidae ,359,7.645,aria
5,10/13/2023,chironomidae ,358,2.376,aria
5,10/13/2023,chironomidae ,357,2.37,aria
5,10/13/2023,chironomidae ,356,3.413,aria
5,10/13/2023,chironomidae (pupae),355,2.647,aria
5,10/13/2023,chironomidae ,354,2.463,aria
5,10/13/2023,chironomidae ,353,2.425,aria
5,10/13/2023,chironomidae (pupae),352,2.688,aria
5,10/13/2023,chironomidae (pupae),351,2.843,aria
5,10/13/2023,chironomidae ,350,1.412,aria
5,10/13/2023,chironomidae ,349,2.412,aria
5,10/13/2023,chironomidae ,348,2.304,aria
5,10/13/2023,chironomidae ,347,6.194,aria
5,10/13/2023,chironomidae ,346,2.303,aria
5,10/13/2023,chironomidae ,345,5.57,aria
5,10/13/2023,chironomidae ,344,6.915,aria
5,10/13/2023,chironomidae ,343,4.016,aria
5,10/13/2023,chironomidae ,342,5.209,aria
5,10/13/2023,chironomidae ,341,2.247,aria
5,10/13/2023,chironomidae ,340,1.581,aria
5,10/13/2023,chironomidae ,339,2.417,aria
5,10/13/2023,chironomidae ,338,2.634,aria
5,10/13/2023,chironomidae ,337,2.651,aria
5,10/13/2023,chironomidae ,336,3.936,aria
5,10/13/2023,chironomidae ,335,3.046,aria
5,10/13/2023,chironomidae ,334,4.258,aria
5,10/13/2023,chironomidae ,333,3.177,aria
5,10/13/2023,chironomidae ,332,2.8,aria
5,10/13/2023,chironomidae (pupae),331,3.039,aria
5,10/13/2023,chironomidae ,330,2.093,aria
5,10/13/2023,chironomidae ,329,4.391,aria
5,10/13/2023,chironomidae ,328,2.277,aria
5,10/13/2023,chironomidae ,327,1.219,aria
5,10/13/2023,chironomidae ,326,4.604,aria
5,10/13/2023,chironomidae ,325,3.387,aria
5,10/13/2023,chironomidae ,324,1.862,aria
5,10/13/2023,chironomidae ,323,2.4,aria
5,10/13/2023,chironomidae ,322,2.163,aria
5,10/13/2023,chironomidae ,321,1.83,aria
5,10/13/2023,chironomidae ,320,2.319,aria
5,10/13/2023,chironomidae ,319,3.154,aria
5,10/13/2023,chironomidae ,318,7.082,aria
5,10/13/2023,chironomidae ,317,2.712,aria
5,10/13/2023,chironomidae ,316,2.989,aria
5,10/13/2023,chironomidae ,315,3.352,aria
5,10/13/2023,chironomidae ,314,2.815,aria
5,10/13/2023,chironomidae ,313,1.231,aria
5,10/13/2023,chironomidae ,312,2.26,aria
5,10/13/2023,chironomidae ,311,5.602,aria
5,10/13/2023,chironomidae ,310,2.913,aria
5,10/13/2023,chironomidae ,309,1.24,aria
5,10/13/2023,chironomidae ,308,2.426,aria
5,10/13/2023,chironomidae ,307,4.035,aria
5,10/13/2023,chironomidae ,306,4.272,aria
5,10/13/2023,chironomidae ,305,2.655,aria
5,10/13/2023,chironomidae ,304,7.249,aria
5,10/13/2023,chironomidae ,303,2.843,aria
5,10/13/2023,chironomidae ,302,2.351,aria
5,10/13/2023,chironomidae ,301,2.405,aria
5,10/13/2023,chironomidae ,300,8.441,aria
5,10/13/2023,chironomidae ,299,2.106,aria
5,10/13/2023,chironomidae ,298,1.86,aria
5,10/13/2023,chironomidae ,297,1.935,aria
5,10/13/2023,chironomidae ,296,2.519,aria
5,10/13/2023,chironomidae ,295,1.87,aria
5,10/13/2023,chironomidae ,294,3.511,aria
5,10/13/2023,chironomidae ,293,1.699,aria
5,10/13/2023,chironomidae ,292,3.678,aria
5,10/13/2023,chironomidae ,291,2.06,aria
5,10/13/2023,chironomidae ,290,7.948,aria
5,10/13/2023,chironomidae ,289,1.903,aria
5,10/13/2023,chironomidae ,288,7.268,aria
5,10/13/2023,chironomidae ,287,2.142,aria
5,10/13/2023,chironomidae ,286,2.161,aria
5,10/13/2023,chironomidae ,285,2.06,aria
5,10/13/2023,chironomidae ,284,2.101,aria
5,10/13/2023,chironomidae ,283,2.387,aria
5,10/13/2023,chironomidae ,282,5.178,aria
5,10/6/2023,chironomidae ,281,4.556,aria
5,10/6/2023,chironomidae ,280,4.073,aria
5,10/6/2023,chironomidae ,279,1.972,aria
5,10/6/2023,chironomidae ,278,1.654,aria
5,10/6/2023,chironomidae ,277,3.506,aria
5,10/6/2023,chironomidae (pupae),276,3.017,aria
5,10/6/2023,chironomidae ,275,8.174,aria
5,10/6/2023,chironomidae ,274,2.643,aria
5,10/6/2023,chironomidae ,273,2.393,aria
5,10/6/2023,chironomidae ,272,3.276,aria
5,10/6/2023,chironomidae ,271,2.717,aria
5,10/6/2023,chironomidae ,270,3.038,aria
5,10/6/2023,chironomidae ,269,2.536,aria
5,10/6/2023,chironomidae ,268,2.888,aria
5,10/6/2023,chironomidae ,267,3.63,aria
5,10/6/2023,chironomidae ,266,2.802,aria
5,10/6/2023,chironomidae (pupae),265,3.524,aria
5,10/6/2023,chironomidae ,264,5.211,aria
5,10/6/2023,chironomidae ,263,3.957,aria
5,10/6/2023,chironomidae ,262,3.071,aria
5,10/6/2023,chironomidae ,261,2.248,aria
5,10/6/2023,chironomidae ,260,3.288,aria
5,10/6/2023,odonata,259,3.686,aria
5,10/6/2023,chironomidae ,258,3.405,aria
5,10/6/2023,chironomidae ,257,2.151,aria
5,10/6/2023,chironomidae ,256,3.361,aria
5,10/6/2023,chironomidae ,255,3.098,aria
5,10/6/2023,chironomidae ,254,4.174,aria
5,10/6/2023,chironomidae ,253,3.415,aria
5,10/6/2023,chironomidae ,252,4.271,aria
5,10/6/2023,chironomidae ,251,3.77,aria
5,10/6/2023,chironomidae ,250,7.342,aria
5,10/6/2023,chironomidae ,249,2.186,aria
5,10/6/2023,chironomidae ,248,4.093,aria
5,10/6/2023,chironomidae ,247,2.965,aria
5,10/6/2023,chironomidae ,246,3.179,aria
5,10/6/2023,chironomidae ,245,3.133,aria
5,10/6/2023,chironomidae ,244,3.514,aria
5,10/6/2023,chironomidae ,243,16.832,aria
5,10/6/2023,chironomidae ,242,4.471,aria
5,10/6/2023,chironomidae ,241,2.407,aria
5,10/6/2023,chironomidae (pupae),240,2.574,aria
5,10/6/2023,chironomidae ,239,2.277,aria
5,10/6/2023,chironomidae ,238,2.012,aria
5,10/6/2023,chironomidae (pupae),237,3.451,aria
5,10/6/2023,chironomidae ,236,3.237,aria
5,10/6/2023,chironomidae ,235,13.924,aria
5,10/6/2023,chironomidae ,234,3.782,aria
5,10/6/2023,chironomidae ,233,3.336,aria
5,10/6/2023,chironomidae ,232,3.385,aria
5,10/6/2023,chironomidae ,231,4.695,aria
5,10/6/2023,chironomidae ,230,2.896,aria
5,10/6/2023,chironomidae ,229,2.332,aria
5,10/6/2023,chironomidae ,228,7.116,aria
5,10/6/2023,chironomidae ,227,14.261,aria
5,10/6/2023,odonata,226,1.975,aria
5,10/6/2023,chironomidae ,225,3.518,aria
5,10/6/2023,chironomidae ,224,2.186,aria
5,10/6/2023,chironomidae ,223,3.589,aria
5,10/6/2023,chironomidae ,222,16.715,aria
5,10/6/2023,odonata,221,1.758,aria
5,10/6/2023,chironomidae ,220,2.76,aria
5,10/6/2023,chironomidae ,219,1.568,aria
5,10/6/2023,chironomidae ,218,2.426,aria
5,10/6/2023,chironomidae ,217,2.945,aria
5,10/6/2023,chironomidae ,216,2.908,aria
5,10/6/2023,odonata,215,3.817,aria
5,10/6/2023,ceratopogonidae,214,13.602,aria
5,10/6/2023,chironomidae ,213,8.56,aria
5,10/6/2023,chironomidae ,212,3.369,aria
5,10/6/2023,chironomidae ,211,4.319,aria
5,10/6/2023,chironomidae ,210,1.94,aria
5,10/6/2023,chironomidae ,209,4.764,aria
5,10/6/2023,chironomidae ,208,6.99,aria
5,10/6/2023,chironomidae ,207,4.374,aria
5,10/6/2023,chironomidae (pupae),206,2.93,aria
5,10/6/2023,chironomidae ,205,2.118,aria
5,10/6/2023,chironomidae ,204,2.37,aria
5,10/6/2023,chironomidae ,203,4.299,aria
5,10/6/2023,chironomidae ,202,3.027,aria
5,10/6/2023,chironomidae ,201,2.759,aria
5,10/6/2023,chironomidae ,200,3.084,aria
5,10/6/2023,chironomidae ,199,3.77,aria
5,10/6/2023,chironomidae ,198,3.325,aria
5,10/6/2023,chironomidae ,197,10.507,aria
5,10/6/2023,chironomidae ,196,3.29,aria
5,10/6/2023,chironomidae ,195,2.12,aria
5,10/6/2023,chironomidae ,194,2.303,aria
5,10/6/2023,chironomidae ,193,5.439,aria
5,10/6/2023,chironomidae ,192,2.535,aria
5,10/6/2023,chironomidae ,191,4.558,aria
5,10/6/2023,chironomidae ,190,1.532,aria
5,10/6/2023,chironomidae ,189,2.713,aria
5,10/6/2023,chironomidae ,188,2.266,aria
5,10/6/2023,chironomidae (pupae),187,2.875,aria
5,10/6/2023,chironomidae ,186,2.604,aria
5,10/6/2023,chironomidae ,185,11.866,aria
5,10/6/2023,chironomidae ,184,2.925,aria
5,10/6/2023,chironomidae ,183,5.222,aria
5,10/6/2023,chironomidae (pupae),182,2.352,aria
5,10/6/2023,chironomidae ,181,5.531,aria
5,10/6/2023,chironomidae ,180,2.856,aria
5,10/6/2023,chironomidae ,179,18.889,aria
5,10/6/2023,chironomidae ,178,2.861,aria
5,10/6/2023,chironomidae ,177,4.171,aria
5,10/6/2023,ceratopogonidae,176,8.576,aria
5,10/6/2023,chironomidae ,175,2.733,aria
5,10/6/2023,chironomidae ,174,1.58,aria
5,10/6/2023,chironomidae ,173,2.969,aria
5,10/6/2023,chironomidae ,172,2.264,aria
5,10/6/2023,chironomidae ,171,1.984,aria
5,10/6/2023,chironomidae ,170,2.989,aria
5,10/6/2023,chironomidae ,169,2.899,aria
5,10/6/2023,chironomidae ,168,2.206,aria
5,10/6/2023,chironomidae ,167,1.798,aria
5,10/6/2023,chironomidae ,166,2.454,aria
5,10/6/2023,chironomidae ,165,1.959,aria
5,10/6/2023,chironomidae ,164,2.039,aria
5,10/6/2023,chironomidae ,163,12.339,aria
5,10/6/2023,chironomidae (pupae),162,4.302,aria
5,10/6/2023,chironomidae ,161,3.65,aria
5,10/6/2023,chironomidae ,160,4.266,aria
5,10/6/2023,chironomidae ,159,14.736,aria
5,10/6/2023,chironomidae ,158,3.854,aria
5,10/6/2023,chironomidae ,157,2.199,aria
5,10/6/2023,chironomidae ,156,1.68,aria
5,10/6/2023,chironomidae ,155,3.405,aria
5,10/6/2023,chironomidae ,154,3.925,aria
5,10/6/2023,chironomidae ,153,4.15,aria
5,10/6/2023,chironomidae ,152,2.851,aria
5,10/6/2023,chironomidae ,151,2.378,aria
5,10/6/2023,chironomidae ,150,13.764,aria
5,10/6/2023,chironomidae ,149,6.264,aria
5,10/6/2023,chironomidae ,148,3.983,aria
5,10/6/2023,chironomidae ,147,5.019,aria
5,10/6/2023,chironomidae ,146,4.961,aria
5,10/6/2023,chironomidae ,145,6.423,aria
5,10/6/2023,chironomidae ,144,3.779,aria
5,10/6/2023,chironomidae ,143,16.162,aria
5,10/6/2023,chironomidae ,142,3.429,aria
5,10/6/2023,chironomidae ,141,6.071,aria
5,10/6/2023,chironomidae ,140,6.581,aria
5,10/6/2023,chironomidae ,139,1.84,aria
5,10/6/2023,chironomidae ,138,3.285,aria
5,10/6/2023,chironomidae ,137,7.73,aria
5,10/6/2023,chironomidae ,136,3.125,aria
5,10/6/2023,chironomidae ,135,15.548,aria
5,10/6/2023,chironomidae ,134,4.916,aria
5,10/6/2023,chironomidae ,133,1.805,aria
5,10/6/2023,chironomidae ,132,9.393,aria
5,10/6/2023,chironomidae ,131,3.723,aria
5,10/6/2023,chironomidae ,130,7.583,aria
5,10/6/2023,chironomidae ,129,3.03,aria
5,10/6/2023,chironomidae ,128,5.195,aria
5,10/6/2023,chironomidae ,127,3.558,aria
5,10/6/2023,chironomidae ,126,3.759,aria
5,10/6/2023,chironomidae ,125,13.543,aria
5,10/6/2023,chironomidae ,124,18.952,aria
5,10/6/2023,chironomidae ,123,3.487,aria
5,10/6/2023,chironomidae ,122,2.002,aria
5,10/6/2023,chironomidae ,121,4.616,aria
5,10/6/2023,chironomidae ,120,14.89,aria
5,10/6/2023,chironomidae ,119,2.43,aria
5,10/6/2023,chironomidae (pupae),118,2.905,aria
5,10/6/2023,chironomidae ,117,2.781,aria
5,10/6/2023,chironomidae ,116,14.263,aria
5,10/6/2023,chironomidae ,115,8.339,aria
5,10/6/2023,chironomidae ,114,2.869,aria
5,10/6/2023,chironomidae ,113,14.42,aria
5,10/6/2023,ceratopogonidae,112,13.141,aria
5,10/6/2023,chironomidae ,111,2.045,aria
5,10/6/2023,chironomidae ,110,3.029,aria
5,10/6/2023,chironomidae ,109,4.963,aria
5,10/6/2023,chironomidae ,108,3.699,aria
5,10/6/2023,chironomidae ,107,1.804,aria
5,10/6/2023,chironomidae ,106,10.785,aria
5,10/6/2023,chironomidae ,105,2.752,aria
5,10/6/2023,chironomidae ,104,3.454,aria
5,10/6/2023,chironomidae ,103,12.031,aria
5,10/6/2023,chironomidae ,102,6.245,aria
5,10/6/2023,chironomidae (pupae),101,1.964,aria
5,10/6/2023,chironomidae ,100,13.819,aria
5,10/6/2023,chironomidae ,99,2.536,aria
5,10/6/2023,chironomidae ,98,1.652,aria
5,10/6/2023,odonata,97,2.024,aria
5,10/6/2023,chironomidae ,96,14.565,aria
5,10/6/2023,chironomidae ,95,2.392,aria
5,10/6/2023,ceratopogonidae,94,11.725,aria
5,10/6/2023,chironomidae ,93,2.038,aria
5,10/6/2023,chironomidae ,92,3.849,aria
5,10/6/2023,chironomidae ,91,3.181,aria
5,10/6/2023,chironomidae ,90,1.955,aria
5,10/6/2023,chironomidae ,89,3.453,aria
5,10/6/2023,chironomidae ,88,5.229,aria
5,10/6/2023,chironomidae ,87,3.201,aria
5,10/6/2023,chironomidae ,86,2.842,aria
5,10/6/2023,chironomidae ,85,8.627,aria
5,10/6/2023,chironomidae ,84,2.978,aria
5,10/6/2023,chironomidae ,83,8.398,aria
5,10/6/2023,chironomidae (pupae),82,2.411,aria
5,10/6/2023,chironomidae ,81,1.69,aria
5,10/6/2023,chironomidae ,80,18.105,aria
5,10/6/2023,chironomidae ,79,2.002,aria
5,10/6/2023,chironomidae ,78,3.289,aria
5,10/6/2023,chironomidae ,77,2.123,aria
5,10/6/2023,chironomidae ,76,3.34,aria
5,10/6/2023,chironomidae ,75,4.732,aria
5,10/6/2023,chironomidae ,74,4.377,aria
5,10/6/2023,chironomidae ,73,3.611,aria
5,10/6/2023,chironomidae ,72,4.001,aria
5,10/6/2023,chironomidae ,71,1.609,aria
5,10/6/2023,odonata,70,2.507,aria
5,10/6/2023,odonata,69,2.421,aria
5,10/6/2023,odonata,68,1.799,aria
5,10/6/2023,chironomidae ,67,7.262,aria
5,10/6/2023,chironomidae ,66,2.187,aria
5,10/6/2023,chironomidae ,65,2.874,aria
5,10/6/2023,chironomidae ,64,2.483,aria
5,10/6/2023,odonata,63,4.416,aria
5,10/6/2023,chironomidae ,62,1.639,aria
5,10/6/2023,chironomidae ,61,2.776,aria
5,10/6/2023,chironomidae ,60,3.051,aria
5,10/6/2023,chironomidae ,59,1.52,aria
5,10/6/2023,chironomidae ,58,2.734,aria
5,10/6/2023,odonata,57,2.752,aria
5,10/6/2023,chironomidae ,56,1.66,aria
5,10/6/2023,chironomidae ,55,1.918,aria
5,10/6/2023,chironomidae ,54,1.886,aria
5,10/6/2023,chironomidae ,53,2.426,aria
5,10/6/2023,chironomidae ,52,3.056,aria
5,10/6/2023,chironomidae ,51,2.435,aria
5,10/6/2023,chironomidae ,50,3.403,aria
5,10/6/2023,chironomidae ,49,15.081,aria
5,10/6/2023,odonata,48,6.478,aria
5,10/6/2023,chironomidae ,47,4.851,aria
5,10/6/2023,chironomidae ,46,10.693,aria
5,10/6/2023,chironomidae ,45,15.694,aria
5,10/6/2023,chironomidae ,44,2.523,aria
5,10/6/2023,chironomidae ,43,2.69,aria
5,10/6/2023,chironomidae ,42,1.973,aria
5,10/6/2023,chironomidae ,41,1.896,aria
5,10/6/2023,chironomidae ,40,3.222,aria
5,10/6/2023,chironomidae (pupae),39,9.266,aria
5,10/6/2023,chironomidae ,38,2.453,aria
5,10/6/2023,chironomidae (pupae),37,2.317,aria
5,10/6/2023,chironomidae ,36,2.144,aria
5,10/6/2023,chironomidae ,35,4.769,aria
5,10/6/2023,chironomidae ,34,3.059,aria
5,10/6/2023,chironomidae ,33,4.862,aria
5,10/6/2023,chironomidae ,32,1.812,aria
5,10/6/2023,chironomidae ,31,5.077,aria
5,10/6/2023,chironomidae (pupae),30,1.954,aria
5,10/6/2023,chironomidae (pupae),29,3.953,aria
5,10/6/2023,ceratopogonidae,28,11.23,aria
5,10/6/2023,chironomidae ,27,12.113,aria
5,10/6/2023,chironomidae ,26,3.237,aria
5,10/6/2023,chironomidae ,25,2.645,aria
5,10/6/2023,chironomidae ,24,13.715,aria
5,10/6/2023,chironomidae ,23,1.562,aria
5,10/6/2023,chironomidae ,22,1.411,aria
5,10/6/2023,chironomidae ,21,3.189,aria
5,10/6/2023,chironomidae ,20,2.136,aria
5,10/6/2023,chironomidae ,19,3.038,aria
5,10/6/2023,chironomidae ,18,2.671,aria
5,10/6/2023,chironomidae ,17,8.278,aria
5,10/6/2023,chironomidae ,16,3.317,aria
5,10/6/2023,chironomidae ,15,3.902,aria
5,10/6/2023,chironomidae ,14,9.058,aria
5,10/6/2023,chironomidae ,13,3.525,aria
5,10/6/2023,chironomidae ,12,15.867,aria
5,10/6/2023,chironomidae ,11,1.936,aria
5,10/6/2023,chironomidae ,10,2.306,aria
5,10/6/2023,chironomidae ,9,5.983,aria
5,10/6/2023,chironomidae ,8,2.711,aria
5,10/6/2023,chironomidae (pupae),7,2.99,aria
5,10/6/2023,chironomidae ,6,2.614,aria
5,10/6/2023,chironomidae (pupae),5,2.888,aria
5,10/6/2023,chironomidae ,4,15.601,aria
5,10/6/2023,chironomidae ,3,8.644,aria
5,10/6/2023,chironomidae ,2,2.483,aria
5,10/6/2023,chironomidae ,1,15.883,aria
5,9/6/2023,ceratapogonidae pupa,465,2.084,Trevor
5,9/6/2023,ceratapogonidae pupa,464,3.577,Trevor
5,9/6/2023,ceratapogonidae pupa,463,4.698,Trevor
5,9/6/2023,chironomidae (pupa),462,2.471,Trevor
5,9/6/2023,chironomidae (pupa),461,2.544,Trevor
5,9/6/2023,chironomidae (pupa),460,2.368,Trevor
5,9/6/2023,chironomidae (pupa),459,2.892,Trevor
5,9/6/2023,chironomidae (pupa),458,2.246,Trevor
5,9/6/2023,chironomidae (pupa),457,2.493,Trevor
5,9/6/2023,chironomidae (pupa),456,2.386,Trevor
5,9/6/2023,chironomidae (pupa),455,2.657,Trevor
5,9/6/2023,chironomidae (pupa),454,2.71,Trevor
5,9/6/2023,chironomidae (pupa),453,4.031,Trevor
5,9/6/2023,chironomidae (pupa),452,2.739,Trevor
5,9/6/2023,chironomidae (pupa),451,1.886,Trevor
5,9/6/2023,chironomidae (pupa),450,2.975,Trevor
5,9/6/2023,chironomidae (pupa),449,2.943,Trevor
5,9/6/2023,chironomidae (pupa),448,4.484,Trevor
5,9/6/2023,chironomidae (pupa),447,3.019,Trevor
5,9/6/2023,chironomidae (pupa),446,2.769,Trevor
5,9/6/2023,chironomidae (pupa),445,2.908,Trevor
5,9/6/2023,chironomidae (pupa),444,2.851,Trevor
5,9/6/2023,chironomidae (pupa),443,4.162,Trevor
5,9/6/2023,ceratopogonidae,442,11.915,Trevor
5,9/6/2023,ceratopogonidae,441,7.537,Trevor
5,9/6/2023,ceratopogonidae,440,12.988,Trevor
5,9/6/2023,ceratopogonidae,439,11.996,Trevor
5,9/6/2023,chironomidae,438,5.909,Trevor
5,9/6/2023,chironomidae,437,1.546,Trevor
5,9/6/2023,chironomidae,436,2.253,Trevor
5,9/6/2023,chironomidae,435,2.546,Trevor
5,9/6/2023,chironomidae,434,5.173,Trevor
5,9/6/2023,chironomidae,433,4.215,Trevor
5,9/6/2023,chironomidae,432,6.749,Trevor
5,9/6/2023,chironomidae,431,5.874,Trevor
5,9/6/2023,chironomidae,430,12.74,Trevor
5,9/6/2023,chironomidae,429,4.182,Trevor
5,9/6/2023,chironomidae,428,3.908,Trevor
5,9/6/2023,chironomidae,427,2.282,Trevor
5,9/6/2023,chironomidae,426,2.379,Trevor
5,9/6/2023,chironomidae,425,3.022,Trevor
5,9/6/2023,chironomidae,424,2.939,Trevor
5,9/6/2023,chironomidae,423,5.573,Trevor
5,9/6/2023,chironomidae,422,2.485,Trevor
5,9/6/2023,chironomidae,421,2.094,Trevor
5,9/6/2023,chironomidae,420,2.563,Trevor
5,9/6/2023,chironomidae,419,3.973,Trevor
5,9/6/2023,chironomidae,418,2.402,Trevor
5,9/6/2023,chironomidae,417,3.552,Trevor
5,9/6/2023,chironomidae,416,2.854,Trevor
5,9/6/2023,chironomidae,415,2.664,Trevor
5,9/6/2023,chironomidae,414,2.009,Trevor
5,9/6/2023,chironomidae,413,3.915,Trevor
5,9/6/2023,chironomidae,412,3.226,Trevor
5,9/6/2023,chironomidae,411,2.578,Trevor
5,9/6/2023,chironomidae,410,1.668,Trevor
5,9/6/2023,chironomidae,409,2.928,Trevor
5,9/6/2023,chironomidae,408,2.857,Trevor
5,9/6/2023,chironomidae,407,2.666,Trevor
5,9/6/2023,chironomidae,406,2.481,Trevor
5,9/6/2023,chironomidae,405,1.104,Trevor
5,9/6/2023,chironomidae,404,1.671,Trevor
5,9/6/2023,chironomidae,403,2.856,Trevor
5,9/6/2023,chironomidae,402,1.058,Trevor
5,9/6/2023,chironomidae,401,1.353,Trevor
5,9/6/2023,chironomidae,400,7.422,Trevor
5,9/6/2023,chironomidae,399,2.233,Trevor
5,9/6/2023,chironomidae,398,3.023,Trevor
5,9/6/2023,chironomidae,397,3.407,Trevor
5,9/6/2023,chironomidae,396,6.193,Trevor
5,9/6/2023,chironomidae,395,4.184,Trevor
5,9/6/2023,chironomidae,394,2.343,Trevor
5,9/6/2023,chironomidae,393,2.553,Trevor
5,9/6/2023,chironomidae,392,1.958,Trevor
5,9/6/2023,chironomidae,391,3.76,Trevor
5,9/6/2023,chironomidae,390,3.242,Trevor
5,9/6/2023,chironomidae,389,2.228,Trevor
5,9/6/2023,chironomidae,388,1.527,Trevor
5,9/6/2023,chironomidae,387,6.414,Trevor
5,9/6/2023,chironomidae,386,3.988,Trevor
5,9/6/2023,chironomidae,385,3.051,Trevor
5,9/6/2023,chironomidae,384,3,Trevor
5,9/6/2023,chironomidae,383,1.254,Trevor
5,9/6/2023,chironomidae,382,1.831,Trevor
5,9/6/2023,chironomidae,381,2.997,Trevor
5,9/6/2023,chironomidae,380,2.019,Trevor
5,9/6/2023,chironomidae,379,1.239,Trevor
5,9/6/2023,chironomidae,378,2.154,Trevor
5,9/6/2023,chironomidae,377,1.894,Trevor
5,9/6/2023,chironomidae,376,2.818,Trevor
5,9/6/2023,chironomidae,375,4.621,Trevor
5,9/6/2023,chironomidae,374,1.903,Trevor
5,9/6/2023,chironomidae,373,3.494,Trevor
5,9/6/2023,chironomidae,372,1.992,Trevor
5,9/6/2023,chironomidae,371,3.853,Trevor
5,9/6/2023,chironomidae,370,2.13,Trevor
5,9/6/2023,chironomidae,369,1.373,Trevor
5,9/6/2023,chironomidae,368,1.825,Trevor
5,9/6/2023,chironomidae,367,2.044,Trevor
5,9/6/2023,chironomidae,366,1.883,Trevor
5,9/6/2023,chironomidae,365,1.344,Trevor
5,9/6/2023,chironomidae,364,3.099,Trevor
5,9/6/2023,chironomidae,363,1.948,Trevor
5,9/6/2023,chironomidae,362,2.55,Trevor
5,9/6/2023,chironomidae,361,2.026,Trevor
5,9/6/2023,chironomidae,360,2.667,Trevor
5,9/6/2023,chironomidae,359,2.182,Trevor
5,9/6/2023,chironomidae,358,1.381,Trevor
5,9/6/2023,chironomidae,357,2.565,Trevor
5,9/6/2023,chironomidae,356,2.82,Trevor
5,9/6/2023,chironomidae,355,1.888,Trevor
5,9/6/2023,chironomidae,354,1.639,Trevor
5,9/6/2023,chironomidae,353,3.253,Trevor
5,9/6/2023,chironomidae,352,4.288,Trevor
5,9/6/2023,chironomidae,351,3.812,Trevor
5,9/6/2023,chironomidae,350,2.571,Trevor
5,9/6/2023,chironomidae,349,7.872,Trevor
5,9/6/2023,chironomidae,348,2.862,Trevor
5,9/6/2023,chironomidae,347,2.072,Trevor
5,9/6/2023,chironomidae,346,2.56,Trevor
5,9/6/2023,chironomidae,345,2.887,Trevor
5,9/6/2023,chironomidae,344,1.467,Trevor
5,9/6/2023,chironomidae,343,1.572,Trevor
5,9/6/2023,chironomidae,342,1.151,Trevor
5,9/6/2023,chironomidae,341,3.622,Trevor
5,9/6/2023,chironomidae,340,2.849,Trevor
5,9/6/2023,chironomidae,339,1.577,Trevor
5,9/6/2023,chironomidae,338,3.504,Trevor
5,9/6/2023,chironomidae,337,2.83,Trevor
5,9/6/2023,chironomidae,336,7.814,Trevor
5,9/6/2023,chironomidae,335,2.279,Trevor
5,9/6/2023,chironomidae,334,3.089,Trevor
5,9/6/2023,chironomidae,333,6.461,Trevor
5,9/6/2023,chironomidae,332,3.821,Trevor
5,9/6/2023,chironomidae,331,1.069,Trevor
5,9/6/2023,chironomidae,330,2.512,Trevor
5,9/6/2023,chironomidae,329,3.462,Trevor
5,9/6/2023,chironomidae,328,1.291,Trevor
5,9/6/2023,chironomidae,327,3.32,Trevor
5,9/6/2023,chironomidae,326,2.196,Trevor
5,9/6/2023,chironomidae,325,2.671,Trevor
5,9/6/2023,chironomidae,324,4.313,Trevor
5,9/6/2023,chironomidae,323,1.855,Trevor
5,9/6/2023,chironomidae,322,3.567,Trevor
5,9/6/2023,chironomidae,321,3.528,Trevor
5,9/6/2023,chironomidae,320,7.352,Trevor
5,9/6/2023,chironomidae,319,2.451,Trevor
5,9/6/2023,chironomidae,318,1.993,Trevor
5,9/6/2023,chironomidae,317,2.118,Trevor
5,9/6/2023,chironomidae,316,2.411,Trevor
5,9/6/2023,chironomidae,315,5.483,Trevor
5,9/6/2023,chironomidae,314,3.593,Trevor
5,9/6/2023,chironomidae,313,2.698,Trevor
5,9/6/2023,chironomidae,312,2.952,Trevor
5,9/6/2023,chironomidae,311,15.751,Trevor
5,9/6/2023,chironomidae,310,1.208,Trevor
5,9/6/2023,chironomidae,309,3.722,Trevor
5,9/6/2023,chironomidae,308,4.189,Trevor
5,9/6/2023,chironomidae,307,2.068,Trevor
5,9/6/2023,chironomidae,306,2.275,Trevor
5,9/6/2023,chironomidae,305,1.643,Trevor
5,9/6/2023,chironomidae,304,1.407,Trevor
5,9/6/2023,chironomidae,303,3.747,Trevor
5,9/6/2023,chironomidae,302,3.062,Trevor
5,9/6/2023,chironomidae,301,3.041,Trevor
5,9/6/2023,chironomidae,300,5.695,Trevor
5,9/6/2023,chironomidae,299,1.536,Trevor
5,9/6/2023,chironomidae,298,3.363,Trevor
5,9/6/2023,chironomidae,297,13.406,Trevor
5,9/6/2023,chironomidae,296,2.594,Trevor
5,9/6/2023,chironomidae,295,2.39,Trevor
5,9/6/2023,chironomidae,294,5.801,Trevor
5,9/6/2023,chironomidae,293,13.225,Trevor
5,9/6/2023,chironomidae,292,6.794,Trevor
5,9/6/2023,chironomidae,291,1.439,Trevor
5,9/6/2023,chironomidae,290,2.019,Trevor
5,9/6/2023,chironomidae,289,3.477,Trevor
5,9/6/2023,chironomidae,288,2.957,Trevor
5,9/6/2023,chironomidae,287,2.657,Trevor
5,9/6/2023,chironomidae,286,3.933,Trevor
5,9/6/2023,chironomidae,285,5.123,Trevor
5,9/6/2023,chironomidae,284,2.744,Trevor
5,9/6/2023,chironomidae,283,3.224,Trevor
5,9/6/2023,chironomidae,282,2.126,Trevor
5,9/6/2023,chironomidae,281,2.924,Trevor
5,9/6/2023,chironomidae,280,4.597,Trevor
5,9/6/2023,chironomidae,279,5.569,Trevor
5,9/6/2023,chironomidae,278,2.348,Trevor
5,9/6/2023,chironomidae,277,3.437,Trevor
5,9/6/2023,chironomidae,276,2.392,Trevor
5,9/6/2023,chironomidae,275,1.501,Trevor
5,9/6/2023,chironomidae,274,2.003,Trevor
5,9/6/2023,chironomidae,273,2.617,Trevor
5,9/6/2023,chironomidae,272,1.947,Trevor
5,9/6/2023,chironomidae,271,2.009,Trevor
5,9/6/2023,chironomidae,270,1.398,Trevor
5,9/6/2023,chironomidae,269,18.242,Trevor
5,9/6/2023,chironomidae,268,8.813,Trevor
5,9/6/2023,chironomidae,267,8.965,Trevor
5,9/6/2023,chironomidae,266,2.873,Trevor
5,9/6/2023,chironomidae,265,3.597,Trevor
5,9/6/2023,chironomidae,264,1.289,Trevor
5,9/6/2023,chironomidae,263,5.079,Trevor
5,9/6/2023,chironomidae,262,3.809,Trevor
5,9/6/2023,chironomidae,261,2.043,Trevor
5,9/6/2023,chironomidae,260,3.11,Trevor
5,9/6/2023,chironomidae,259,8.119,Trevor
5,9/6/2023,chironomidae,258,14.833,Trevor
5,9/6/2023,chironomidae,257,13.736,Trevor
5,9/6/2023,chironomidae,256,17.932,Trevor
5,9/6/2023,chironomidae,255,1.113,Trevor
5,9/6/2023,chironomidae,254,2.091,Trevor
5,9/6/2023,chironomidae,253,2.406,Trevor
5,9/6/2023,chironomidae,252,2.708,Trevor
5,9/6/2023,chironomidae,251,3.804,Trevor
5,9/6/2023,chironomidae,250,3.369,Trevor
5,9/6/2023,chironomidae,249,1.886,Trevor
5,9/6/2023,chironomidae,248,3.883,Trevor
5,9/6/2023,chironomidae,247,3.069,Trevor
5,9/6/2023,chironomidae,246,3.398,Trevor
5,9/6/2023,chironomidae,245,2.155,Trevor
5,9/6/2023,chironomidae,244,1.538,Trevor
5,9/6/2023,chironomidae,243,3.079,Trevor
5,9/6/2023,chironomidae,242,1.936,Trevor
5,9/6/2023,chironomidae,241,4.106,Trevor
5,9/6/2023,chironomidae,240,4.429,Trevor
5,9/6/2023,chironomidae,239,1.789,Trevor
5,9/6/2023,chironomidae,238,2.392,Trevor
5,9/6/2023,chironomidae,237,10.325,Trevor
5,9/6/2023,chironomidae,236,16.415,Trevor
5,9/6/2023,chironomidae,235,1.13,Trevor
5,9/6/2023,chironomidae,234,3.636,Trevor
5,9/6/2023,chironomidae,233,15.165,Trevor
5,9/6/2023,chironomidae,232,15.462,Trevor
5,9/6/2023,chironomidae,231,2.129,Trevor
5,9/6/2023,chironomidae,230,2.758,Trevor
5,9/6/2023,chironomidae,229,1.254,Trevor
5,9/6/2023,chironomidae,228,2.231,Trevor
5,9/6/2023,chironomidae,227,14.438,Trevor
5,9/6/2023,chironomidae,226,3.067,Trevor
5,9/6/2023,chironomidae,225,2.418,Trevor
5,9/6/2023,chironomidae,224,1.983,Trevor
5,9/6/2023,chironomidae,223,6.124,Trevor
5,9/6/2023,chironomidae,222,12.552,Trevor
5,9/6/2023,chironomidae,221,2.531,Trevor
5,9/6/2023,chironomidae,220,3.984,Trevor
5,9/6/2023,chironomidae,219,3.091,Trevor
5,9/6/2023,chironomidae,218,2.757,Trevor
5,9/6/2023,chironomidae,217,1.246,Trevor
5,9/6/2023,chironomidae,216,2.073,Trevor
5,9/6/2023,chironomidae,215,1.074,Trevor
5,9/6/2023,chironomidae,214,1.563,Trevor
5,9/6/2023,chironomidae,213,1.289,Trevor
5,9/6/2023,chironomidae,212,3.032,Trevor
5,9/6/2023,chironomidae,211,0.947,Trevor
5,9/6/2023,chironomidae,210,2.175,Trevor
5,9/6/2023,chironomidae,209,1.295,Trevor
5,9/6/2023,chironomidae,208,1.586,Trevor
5,9/6/2023,chironomidae,207,2.796,Trevor
5,9/6/2023,chironomidae,206,3.057,Trevor
5,9/6/2023,chironomidae,205,1.656,Trevor
5,9/6/2023,chironomidae,204,4.097,Trevor
5,9/6/2023,chironomidae,203,2.422,Trevor
5,9/6/2023,chironomidae,202,3.29,Trevor
5,9/6/2023,chironomidae,201,0.973,Trevor
5,9/6/2023,chironomidae,200,3.296,Trevor
5,9/6/2023,chironomidae,199,5.869,Trevor
5,9/6/2023,chironomidae,198,2.957,Trevor
5,9/6/2023,chironomidae,197,2.47,Trevor
5,9/6/2023,chironomidae,196,3.111,Trevor
5,9/6/2023,chironomidae,195,2.105,Trevor
5,9/6/2023,chironomidae,194,1.615,Trevor
5,9/6/2023,chironomidae,193,2.398,Trevor
5,9/6/2023,chironomidae,192,1.582,Trevor
5,9/6/2023,chironomidae,191,2.798,Trevor
5,9/6/2023,chironomidae,190,1.98,Trevor
5,9/6/2023,chironomidae,189,2.509,Trevor
5,9/6/2023,chironomidae,188,2.738,Trevor
5,9/6/2023,chironomidae,187,1.659,Trevor
5,9/6/2023,chironomidae,186,2.825,Trevor
5,9/6/2023,chironomidae,185,2.566,Trevor
5,9/6/2023,chironomidae,184,3.24,Trevor
5,9/6/2023,chironomidae,183,1.646,Trevor
5,9/6/2023,chironomidae,182,1.572,Trevor
5,9/6/2023,chironomidae,181,15.124,Trevor
5,9/6/2023,chironomidae,180,11.467,Trevor
5,9/6/2023,chironomidae,179,1.748,Trevor
5,9/6/2023,chironomidae,178,2.607,Trevor
5,9/6/2023,chironomidae,177,4.296,Trevor
5,9/6/2023,chironomidae,176,1.785,Trevor
5,9/6/2023,chironomidae,175,0.84,Trevor
5,9/6/2023,chironomidae,174,1.242,Trevor
5,9/6/2023,chironomidae,173,2.335,Trevor
5,9/6/2023,chironomidae,172,1.465,Trevor
5,9/6/2023,chironomidae,171,3.288,Trevor
5,9/6/2023,chironomidae,170,1.426,Trevor
5,9/6/2023,chironomidae,169,3.415,Trevor
5,9/6/2023,chironomidae,168,3.419,Trevor
5,9/6/2023,chironomidae,167,13.481,Trevor
5,9/6/2023,chironomidae,166,5.003,Trevor
5,9/6/2023,chironomidae,165,17.719,Trevor
5,9/6/2023,chironomidae,164,1.742,Trevor
5,9/6/2023,chironomidae,163,3.585,Trevor
5,9/6/2023,chironomidae,162,2.105,Trevor
5,9/6/2023,chironomidae,161,2.311,Trevor
5,9/6/2023,chironomidae,160,2.977,Trevor
5,9/6/2023,chironomidae,159,1.767,Trevor
5,9/6/2023,chironomidae,158,2.329,Trevor
5,9/6/2023,chironomidae,157,1.47,Trevor
5,9/6/2023,chironomidae,156,2.413,Trevor
5,9/6/2023,chironomidae,155,3.547,Trevor
5,9/6/2023,chironomidae,154,2.622,Trevor
5,9/6/2023,chironomidae,153,3.632,Trevor
5,9/6/2023,chironomidae,152,3.686,Trevor
5,9/6/2023,chironomidae,151,1.411,Trevor
5,9/6/2023,chironomidae,150,2.67,Trevor
5,9/6/2023,chironomidae,149,10.083,Trevor
5,9/6/2023,chironomidae,148,2.979,Trevor
5,9/6/2023,chironomidae,147,5.419,Trevor
5,9/6/2023,chironomidae,146,14.768,Trevor
5,9/6/2023,chironomidae,145,2.97,Trevor
5,9/6/2023,chironomidae,144,1.127,Trevor
5,9/6/2023,chironomidae,143,2.239,Trevor
5,9/6/2023,chironomidae,142,1.588,Trevor
5,9/6/2023,chironomidae,141,1.739,Trevor
5,9/6/2023,chironomidae,140,1.131,Trevor
5,9/6/2023,chironomidae,139,3.278,Trevor
5,9/6/2023,chironomidae,138,2.928,Trevor
5,9/6/2023,chironomidae,137,1.561,Trevor
5,9/6/2023,chironomidae,136,5.996,Trevor
5,9/6/2023,chironomidae,135,8.328,Trevor
5,9/6/2023,chironomidae,134,1.848,Trevor
5,9/6/2023,chironomidae,133,5.013,Trevor
5,9/6/2023,chironomidae,132,1.99,Trevor
5,9/6/2023,chironomidae,131,5.074,Trevor
5,9/6/2023,chironomidae,130,15.251,Trevor
5,9/6/2023,chironomidae,129,2.633,Trevor
5,9/6/2023,chironomidae,128,5.862,Trevor
5,9/6/2023,chironomidae,127,6.476,Trevor
5,9/6/2023,chironomidae,126,1.819,Trevor
5,9/6/2023,chironomidae,125,3.477,Trevor
5,9/6/2023,chironomidae,124,4.209,Trevor
5,9/6/2023,chironomidae,123,7.359,Trevor
5,9/6/2023,chironomidae,122,1.467,Trevor
5,9/6/2023,chironomidae,121,4.839,Trevor
5,9/6/2023,chironomidae,120,2.198,Trevor
5,9/6/2023,chironomidae,119,2.148,Trevor
5,9/6/2023,chironomidae,118,13.519,Trevor
5,9/6/2023,chironomidae,117,5.419,Trevor
5,9/6/2023,chironomidae,116,1.653,Trevor
5,9/6/2023,chironomidae,115,1.657,Trevor
5,9/6/2023,chironomidae,114,2.861,Trevor
5,9/6/2023,chironomidae,113,0.976,Trevor
5,9/6/2023,chironomidae,112,4.602,Trevor
5,9/6/2023,chironomidae,111,2.202,Trevor
5,9/6/2023,chironomidae,110,2.014,Trevor
5,9/6/2023,chironomidae,109,2.353,Trevor
5,9/6/2023,chironomidae,108,2.844,Trevor
5,9/6/2023,chironomidae,107,3.362,Trevor
5,9/6/2023,chironomidae,106,3.377,Trevor
5,9/6/2023,chironomidae,105,1.276,Trevor
5,9/6/2023,chironomidae,104,2.177,Trevor
5,9/6/2023,chironomidae,103,1.888,Trevor
5,9/6/2023,chironomidae,102,3.726,Trevor
5,9/6/2023,chironomidae,101,1.762,Trevor
5,9/6/2023,chironomidae,100,2.734,Trevor
5,9/6/2023,chironomidae,99,3.56,Trevor
5,9/6/2023,chironomidae,98,2.008,Trevor
5,9/6/2023,chironomidae,97,3.031,Trevor
5,9/6/2023,chironomidae,96,1.711,Trevor
5,9/6/2023,chironomidae,95,2.794,Trevor
5,9/6/2023,chironomidae,94,16.27,Trevor
5,9/6/2023,chironomidae,93,2.618,Trevor
5,9/6/2023,chironomidae,92,1.243,Trevor
5,9/6/2023,chironomidae,91,9.518,Trevor
5,9/6/2023,chironomidae,90,3.026,Trevor
5,9/6/2023,chironomidae,89,3.568,Trevor
5,9/6/2023,chironomidae,88,6.459,Trevor
5,9/6/2023,chironomidae,87,1.301,Trevor
5,9/6/2023,chironomidae,86,2.817,Trevor
5,9/6/2023,chironomidae,85,6.136,Trevor
5,9/6/2023,chironomidae,84,1.694,Trevor
5,9/6/2023,chironomidae,83,3.594,Trevor
5,9/6/2023,chironomidae,82,2.378,Trevor
5,9/6/2023,chironomidae,81,3.806,Trevor
5,9/6/2023,chironomidae,80,3.446,Trevor
5,9/6/2023,chironomidae,79,3.391,Trevor
5,9/6/2023,chironomidae,78,3.939,Trevor
5,9/6/2023,chironomidae,77,3.185,Trevor
5,9/6/2023,chironomidae,76,2.362,Trevor
5,9/6/2023,chironomidae,75,1.744,Trevor
5,9/6/2023,chironomidae,74,13.403,Trevor
5,9/6/2023,chironomidae,73,1.249,Trevor
5,9/6/2023,chironomidae,72,15.226,Trevor
5,9/6/2023,chironomidae,71,1.979,Trevor
5,9/6/2023,chironomidae,70,1.953,Trevor
5,9/6/2023,chironomidae,69,4.071,Trevor
5,9/6/2023,chironomidae,68,2.545,Trevor
5,9/6/2023,chironomidae,67,0.897,Trevor
5,9/6/2023,chironomidae,66,1.592,Trevor
5,9/6/2023,chironomidae,65,2.716,Trevor
5,9/6/2023,chironomidae,64,3.77,Trevor
5,9/6/2023,chironomidae,63,3.283,Trevor
5,9/6/2023,chironomidae,62,16.161,Trevor
5,9/6/2023,chironomidae,61,3.895,Trevor
5,9/6/2023,chironomidae,60,3.607,Trevor
5,9/6/2023,chironomidae,59,2.319,Trevor
5,9/6/2023,chironomidae,58,1.283,Trevor
5,9/6/2023,chironomidae,57,3.215,Trevor
5,9/6/2023,chironomidae,56,2.247,Trevor
5,9/6/2023,chironomidae,55,0.82,Trevor
5,9/6/2023,chironomidae,54,15.075,Trevor
5,9/6/2023,chironomidae,53,2.401,Trevor
5,9/6/2023,chironomidae,52,8.243,Trevor
5,9/6/2023,chironomidae,51,2.034,Trevor
5,9/6/2023,chironomidae,50,1.208,Trevor
5,9/6/2023,chironomidae,49,2.163,Trevor
5,9/6/2023,chironomidae,48,2.642,Trevor
5,9/6/2023,chironomidae,47,3.265,Trevor
5,9/6/2023,chironomidae,46,1.52,Trevor
5,9/6/2023,chironomidae,45,0.531,Trevor
5,9/6/2023,chironomidae,44,3.139,Trevor
5,9/6/2023,chironomidae,43,7.94,Trevor
5,9/6/2023,chironomidae,42,7.158,Trevor
5,9/6/2023,chironomidae,41,3.345,Trevor
5,9/6/2023,chironomidae,40,3.849,Trevor
5,9/6/2023,chironomidae,39,4.38,Trevor
5,9/6/2023,chironomidae,38,2.656,Trevor
5,9/6/2023,chironomidae,37,7.66,Trevor
5,9/6/2023,chironomidae,36,1.919,Trevor
5,9/6/2023,chironomidae,35,5.247,Trevor
5,9/6/2023,chironomidae,34,1.965,Trevor
5,9/6/2023,chironomidae,33,3.334,Trevor
5,9/6/2023,chironomidae,32,17.43,Trevor
5,9/6/2023,chironomidae,31,2.442,Trevor
5,9/6/2023,chironomidae,30,9.146,Trevor
5,9/6/2023,chironomidae,29,3.971,Trevor
5,9/6/2023,chironomidae,28,2.835,Trevor
5,9/6/2023,chironomidae,27,8.114,Trevor
5,9/6/2023,chironomidae,26,2.937,Trevor
5,9/6/2023,chironomidae,25,2.834,Trevor
5,9/6/2023,chironomidae,24,5.1,Trevor
5,9/6/2023,chironomidae,23,1.709,Trevor
5,9/6/2023,chironomidae,22,2.036,Trevor
5,9/6/2023,chironomidae,21,3.01,Trevor
5,9/6/2023,chironomidae,20,3.146,Trevor
5,9/6/2023,chironomidae,19,10.261,Trevor
5,9/6/2023,chironomidae,18,2.208,Trevor
5,9/6/2023,chironomidae,17,2.674,Trevor
5,9/6/2023,chironomidae,16,3.164,Trevor
5,9/6/2023,chironomidae,15,14.344,Trevor
5,9/6/2023,chironomidae,14,2.038,Trevor
5,9/6/2023,chironomidae,13,3.19,Trevor
5,9/6/2023,chironomidae,12,12.676,Trevor
5,9/6/2023,chironomidae,11,3.136,Trevor
5,9/6/2023,chironomidae,10,2.843,Trevor
5,9/6/2023,chironomidae,9,1.045,Trevor
5,9/6/2023,chironomidae,8,3.956,Trevor
5,9/6/2023,chironomidae,7,1.775,Trevor
5,9/6/2023,chironomidae,6,7.495,Trevor
5,9/6/2023,chironomidae,5,2.294,Trevor
5,9/6/2023,chironomidae,4,2.152,Trevor
5,9/6/2023,chironomidae,3,2.389,Trevor
5,9/6/2023,chironomidae,2,2.894,Trevor
5,9/6/2023,chironomidae,1,4.806,Trevor
